1; 0
2; 0
3; 0
4; 8
5; 0
6; 0
7; 8
8; 8
9; 0
10; 0
11; 4
12; 0
13; 0
14; 16
15; 0
16; 0
17; 8
18; 4
19; 0
20; 0
21; 0
22; 0
23; 0
24; 0
25; 0
26; 4
27; 4
28; 0
29; 4
30; 8
31; 0
32; 0
33; 4
34; 0
35; 0
36; 4
37; 4
38; 0
39; 0
40; 4
41; 0
42; 4
43; 0
44; 0
45; 4
46; 0
47; 4
48; 0
49; 8
50; 0
51; 64
52; 16
53; 0
54; 0
55; 0
56; 0
57; 0
58; 8
59; 0
60; 4
61; 0
62; 4
63; 4
64; 0
65; 0
66; 0
67; 8
68; 0
69; 8
70; 0
71; 16
72; 4
73; 8
74; 8
75; 8
76; 4
77; 0
78; 0
79; 0
80; 0
81; 4
82; 8
83; 0
84; 0
85; 16
86; 4
87; 0
88; 16
89; 0
90; 4
91; 8
92; 0
93; 0
94; 0
95; 8
96; 0
97; 0
98; 0
99; 0
100; 0
101; 0
102; 4
103; 4
104; 0
105; 0
106; 0
107; 8
108; 0
109; 0
110; 0
111; 0
112; 0
113; 8
114; 4
115; 0
116; 0
117; 4
118; 0
119; 0
120; 0
121; 4
122; 0
123; 8
124; 0
125; 0
126; 4
127; 0
128; 0
129; 32
130; 0
131; 4
132; 0
133; 4
134; 0
135; 4
136; 0
137; 0
138; 0
139; 0
140; 8
141; 0
142; 0
143; 0
144; 0
145; 4
146; 0
147; 0
148; 8
149; 0
150; 0
151; 0
152; 4
153; 0
154; 0
155; 0
156; 0
157; 0
158; 0
159; 0
160; 0
161; 0
162; 4
163; 4
164; 4
165; 0
166; 0
167; 0
168; 4
169; 4
170; 0
171; 0
172; 0
173; 0
174; 0
175; 0
176; 4
177; 0
178; 256
179; 0
180; 0
181; 0
182; 4
183; 0
184; 0
185; 0
186; 16
187; 4
188; 0
189; 0
190; 0
191; 4
192; 4
193; 4
194; 8
195; 0
196; 4
197; 0
198; 0
199; 0
200; 0
201; 4
202; 0
203; 0
204; 4
205; 0
206; 0
207; 32
208; 0
209; 0
210; 4
211; 256
212; 16
213; 0
214; 0
215; 0
216; 0
217; 0
218; 0
219; 4
220; 0
221; 4
222; 0
223; 0
224; 0
225; 0
226; 0
227; 0
228; 0
229; 4
230; 4
231; 8
232; 4
233; 0
234; 0
235; 32
236; 0
237; 4
238; 0
239; 4
240; 0
241; 0
242; 0
243; 0
244; 0
245; 0
246; 4
247; 0
248; 0
249; 4
250; 0
251; 4
252; 0
253; 0
254; 4
255; 4
256; 0
257; 0
258; 0
259; 4
260; 0
261; 8
262; 0
263; 0
264; 0
265; 0
266; 0
267; 4
268; 0
269; 4
270; 8
271; 0
272; 0
273; 0
274; 0
275; 8
276; 8
277; 8
278; 4
279; 0
280; 0
281; 0
282; 0
283; 0
284; 4
285; 0
286; 4
287; 0
288; 0
289; 4
290; 0
291; 0
292; 0
293; 0
294; 0
295; 4
296; 16
297; 0
298; 0
299; 16
300; 0
301; 32
302; 0
303; 4
304; 0
305; 0
306; 4
307; 0
308; 4
309; 0
310; 0
311; 64
312; 0
313; 0
314; 4
315; 0
316; 4
317; 0
318; 4
319; 4
320; 0
321; 4
322; 0
323; 128
324; 4
325; 0
326; 0
327; 0
328; 0
329; 0
330; 0
331; 0
332; 4
333; 0
334; 4
335; 0
336; 8
337; 0
338; 0
339; 8
340; 4
341; 0
342; 0
343; 0
344; 4
345; 0
346; 0
347; 4
348; 0
349; 0
350; 0
351; 4
352; 0
353; 0
354; 0
355; 0
356; 8
357; 0
358; 0
359; 8
360; 0
361; 0
362; 0
363; 0
364; 4
365; 4
366; 0
367; 0
368; 4
369; 0
370; 16
371; 16
372; 4
373; 32
374; 0
375; 0
376; 4
377; 0
378; 64
379; 0
380; 0
381; 0
382; 0
383; 4
384; 0
385; 0
386; 0
387; 8
388; 4
389; 4
390; 0
391; 0
392; 0
393; 0
394; 0
395; 0
396; 0
397; 0
398; 0
399; 4
400; 4
401; 4
402; 0
403; 0
404; 4
405; 0
406; 4
407; 0
408; 0
409; 4
410; 0
411; 0
412; 4
413; 0
414; 0
415; 0
416; 4
417; 4
418; 0
419; 0
420; 4
421; 0
422; 8
423; 4
424; 4
425; 0
426; 0
427; 0
428; 4
429; 0
430; 0
431; 16
432; 4
433; 4
434; 0
435; 4
436; 0
437; 0
438; 0
439; 0
440; 0
441; 4
442; 4
443; 4
444; 0
445; 0
446; 0
447; 4
448; 4
449; 0
450; 0
451; 4
452; 16
453; 0
454; 0
455; 0
456; 0
457; 4
458; 0
459; 0
460; 0
461; 0
462; 0
463; 8
464; 0
465; 16
466; 0
467; 0
468; 4
469; 16
470; 0
471; 8
472; 0
473; 0
474; 4
475; 0
476; 8
477; 0
478; 4
479; 4
480; 16
481; 0
482; 8
483; 8
484; 8
485; 0
486; 0
487; 4
488; 0
489; 0
490; 4
491; 64
492; 0
493; 0
494; 0
495; 0
496; 0
497; 0
498; 0
499; 8
500; 4
501; 0
502; 8
503; 16
504; 4
505; 0
506; 0
507; 0
508; 0
509; 0
510; 32
511; 8
512; 4
513; 0
514; 4
515; 4
516; 8
517; 0
518; 0
519; 0
520; 0
521; 8
522; 16
523; 8
524; 16
525; 0
526; 4
527; 0
528; 0
529; 4
530; 4
531; 0
532; 4
533; 0
534; 4
535; 64
536; 8
537; 0
538; 0
539; 0
540; 8
541; 4
542; 4
543; 0
544; 4
545; 0
546; 0
547; 0
548; 4
549; 0
550; 0
551; 4
552; 0
553; 0
554; 4
555; 8
556; 0
557; 32
558; 0
559; 0
560; 8
561; 4
562; 0
563; 0
564; 0
565; 0
566; 0
567; 4
568; 4
569; 0
570; 0
571; 0
572; 0
573; 0
574; 0
575; 4
576; 0
577; 0
578; 4
579; 4
580; 0
581; 0
582; 0
583; 0
584; 0
585; 0
586; 16
587; 32
588; 0
589; 4
590; 8
591; 4
592; 0
593; 0
594; 16
595; 0
596; 4
597; 0
598; 0
599; 0
600; 8
601; 0
602; 0
603; 4
604; 0
605; 4
606; 0
607; 0
608; 4
609; 0
610; 4
611; 0
612; 0
613; 0
614; 4
615; 4
616; 4
617; 0
618; 8
619; 0
620; 0
621; 4
622; 0
623; 0
624; 4
625; 0
626; 16
627; 0
628; 0
629; 0
630; 0
631; 0
632; 0
633; 0
634; 0
635; 16
636; 4
637; 0
638; 0
639; 4
640; 0
641; 8
642; 0
643; 0
644; 0
645; 0
646; 0
647; 0
648; 0
649; 0
650; 4
651; 0
652; 0
653; 0
654; 4
655; 0
656; 0
657; 0
658; 8
659; 0
660; 0
661; 0
662; 0
663; 0
664; 8
665; 4
666; 0
667; 0
668; 0
669; 8
670; 0
671; 8
672; 0
673; 0
674; 4
675; 4
676; 4
677; 0
678; 0
679; 0
680; 8
681; 16
682; 4
683; 0
684; 0
685; 0
686; 0
687; 256
688; 4
689; 0
690; 8
691; 0
692; 0
693; 0
694; 0
695; 0
696; 4
697; 0
698; 0
699; 8
700; 0
701; 0
702; 0
703; 0
704; 0
705; 0
706; 4
707; 0
708; 0
709; 0
710; 0
711; 0
712; 0
713; 4
714; 0
715; 0
716; 8
717; 4
718; 0
719; 4
720; 0
721; 0
722; 0
723; 0
724; 4
725; 4
726; 0
727; 0
728; 0
729; 0
730; 0
731; 0
732; 0
733; 0
734; 0
735; 0
736; 4
737; 0
738; 0
739; 0
740; 8
741; 0
742; 16
743; 0
744; 0
745; 0
746; 0
747; 4
748; 0
749; 0
750; 4
751; 0
752; 8
753; 0
754; 4
755; 0
756; 0
757; 8
758; 0
759; 0
760; 0
761; 4
762; 0
763; 0
764; 0
765; 0
766; 4
767; 0
768; 0
769; 0
770; 0
771; 0
772; 0
773; 0
774; 4
775; 0
776; 0
777; 8
778; 0
779; 0
780; 0
781; 8
782; 4
783; 0
784; 0
785; 0
786; 4
787; 4
788; 0
789; 4
790; 4
791; 4
792; 0
793; 0
794; 4
795; 4
796; 0
797; 0
798; 0
799; 8
800; 0
801; 0
802; 0
803; 0
804; 0
805; 8
806; 0
807; 4
808; 0
809; 0
810; 4
811; 4
812; 16
813; 0
814; 0
815; 4
816; 4
817; 4
818; 16
819; 4
820; 0
821; 0
822; 8
823; 0
824; 0
825; 0
826; 0
827; 0
828; 0
829; 0
830; 4
831; 0
832; 0
833; 0
834; 0
835; 0
836; 0
837; 0
838; 0
839; 8
840; 0
841; 0
842; 0
843; 0
844; 0
845; 0
846; 8
847; 8
848; 0
849; 8
850; 0
851; 16
852; 0
853; 0
854; 0
855; 16
856; 0
857; 0
858; 0
859; 4
860; 8
861; 0
862; 0
863; 4
864; 4
865; 0
866; 0
867; 4
868; 4
869; 4
870; 0
871; 8
872; 0
873; 4
874; 0
875; 0
876; 0
877; 4
878; 32
879; 8
880; 0
881; 64
882; 0
883; 0
884; 0
885; 0
886; 0
887; 0
888; 0
889; 8
890; 0
891; 0
892; 0
893; 4
894; 4
895; 4
896; 0
897; 0
898; 0
899; 0
900; 4
901; 0
902; 4
903; 0
904; 4
905; 0
906; 4
907; 4
908; 8
909; 8
910; 0
911; 4
912; 0
913; 128
914; 4
915; 4
916; 8
917; 0
918; 8
919; 0
920; 4
921; 0
922; 0
923; 0
924; 0
925; 8
926; 0
927; 16
928; 0
929; 0
930; 4
931; 0
932; 4
933; 0
934; 0
935; 4
936; 0
937; 4
938; 8
939; 0
940; 0
941; 0
942; 0
943; 0
944; 0
945; 0
946; 8
947; 0
948; 4
949; 0
950; 0
951; 4
952; 0
953; 0
954; 0
955; 4
956; 0
957; 4
958; 4
959; 4
960; 0
961; 0
962; 0
963; 4
964; 0
965; 0
966; 0
967; 4
968; 4
969; 0
970; 0
971; 0
972; 4
973; 4
974; 4
975; 0
976; 16
977; 8
978; 0
979; 0
980; 4
981; 0
982; 4
983; 0
984; 4
985; 0
986; 4
987; 4
988; 8
989; 0
990; 0
991; 0
992; 8
993; 8
994; 0
995; 0
996; 0
997; 0
998; 0
999; 4
1000; 0
1001; 0
1002; 0
1003; 0
1004; 4
1005; 4
1006; 8
1007; 0
1008; 8
1009; 0
1010; 0
1011; 0
1012; 0
1013; 0
1014; 0
1015; 0
1016; 8
1017; 4
1018; 0
1019; 0
1020; 0
1021; 0
1022; 0
1023; 0
1024; 4
1025; 32
1026; 16
1027; 0
1028; 8
1029; 4
1030; 0
1031; 0
1032; 0
1033; 4
1034; 0
1035; 4
1036; 4
1037; 0
1038; 0
1039; 0
1040; 0
1041; 8
1042; 0
1043; 8
1044; 0
1045; 4
1046; 0
1047; 0
1048; 0
1049; 0
1050; 4
1051; 8
1052; 4
1053; 32
1054; 4
1055; 4
1056; 0
1057; 4
1058; 0
1059; 0
1060; 8
1061; 4
1062; 4
1063; 0
1064; 0
1065; 0
1066; 0
1067; 0
1068; 0
1069; 4
1070; 0
1071; 0
1072; 0
1073; 0
1074; 0
1075; 0
1076; 0
1077; 16
1078; 0
1079; 0
1080; 4
1081; 0
1082; 8
1083; 0
1084; 0
1085; 0
1086; 4
1087; 8
1088; 0
1089; 0
1090; 0
1091; 0
1092; 4
1093; 0
1094; 0
1095; 4
1096; 0
1097; 4
1098; 0
1099; 4
1100; 0
1101; 0
1102; 0
1103; 4
1104; 0
1105; 0
1106; 4
1107; 0
1108; 4
1109; 0
1110; 0
1111; 0
1112; 4
1113; 4
1114; 0
1115; 0
1116; 0
1117; 0
1118; 32
1119; 0
1120; 0
1121; 0
1122; 0
1123; 0
1124; 4
1125; 8
1126; 0
1127; 4
1128; 0
1129; 8
1130; 0
1131; 4
1132; 4
1133; 0
1134; 4
1135; 0
1136; 4
1137; 0
1138; 0
1139; 0
1140; 0
1141; 0
1142; 0
1143; 4
1144; 16
1145; 0
1146; 4
1147; 0
1148; 8
1149; 4
1150; 0
1151; 4
1152; 4
1153; 0
1154; 8
1155; 4
1156; 0
1157; 0
1158; 0
1159; 0
1160; 0
1161; 8
1162; 0
1163; 0
1164; 0
1165; 0
1166; 0
1167; 0
1168; 0
1169; 0
1170; 0
1171; 0
1172; 0
1173; 0
1174; 0
1175; 0
1176; 16
1177; 0
1178; 0
1179; 0
1180; 0
1181; 32
1182; 0
1183; 4
1184; 0
1185; 0
1186; 0
1187; 4
1188; 0
1189; 0
1190; 0
1191; 0
1192; 8
1193; 0
1194; 0
1195; 0
1196; 0
1197; 0
1198; 0
1199; 4
1200; 0
1201; 0
1202; 0
1203; 4
1204; 0
1205; 32
1206; 4
1207; 0
1208; 4
1209; 0
1210; 0
1211; 0
1212; 4
1213; 0
1214; 4
1215; 0
1216; 4
1217; 0
1218; 0
1219; 0
1220; 0
1221; 0
1222; 0
1223; 4
1224; 0
1225; 0
1226; 0
1227; 0
1228; 0
1229; 32
1230; 0
1231; 4
1232; 0
1233; 0
1234; 4
1235; 0
1236; 4
1237; 4
1238; 8
1239; 0
1240; 8
1241; 0
1242; 0
1243; 8
1244; 0
1245; 0
1246; 4
1247; 4
1248; 4
1249; 8
1250; 8
1251; 4
1252; 4
1253; 4
1254; 4
1255; 16
1256; 0
1257; 0
1258; 4
1259; 4
1260; 4
1261; 0
1262; 0
1263; 0
1264; 0
1265; 8
1266; 4
1267; 0
1268; 0
1269; 0
1270; 4
1271; 8
1272; 0
1273; 0
1274; 0
1275; 4
1276; 32
1277; 0
1278; 8
1279; 0
1280; 8
1281; 0
1282; 16
1283; 0
1284; 0
1285; 0
1286; 0
1287; 0
1288; 16
1289; 8
1290; 0
1291; 4
1292; 0
1293; 0
1294; 0
1295; 0
1296; 0
1297; 0
1298; 0
1299; 0
1300; 0
1301; 4
1302; 0
1303; 4
1304; 4
1305; 0
1306; 0
1307; 4
1308; 0
1309; 0
1310; 0
1311; 0
1312; 4
1313; 0
1314; 0
1315; 4
1316; 0
1317; 0
1318; 16
1319; 4
1320; 0
1321; 0
1322; 0
1323; 8
1324; 0
1325; 0
1326; 16
1327; 0
1328; 0
1329; 0
1330; 8
1331; 4
1332; 4
1333; 16
1334; 0
1335; 4
1336; 0
1337; 0
1338; 0
1339; 0
1340; 0
1341; 4
1342; 4
1343; 4
1344; 0
1345; 4
1346; 8
1347; 4
1348; 0
1349; 4
1350; 0
1351; 0
1352; 0
1353; 8
1354; 0
1355; 0
1356; 4
1357; 4
1358; 4
1359; 4
1360; 0
1361; 4
1362; 8
1363; 4
1364; 4
1365; 0
1366; 4
1367; 4
1368; 4
1369; 4
1370; 0
1371; 0
1372; 0
1373; 8
1374; 4
1375; 4
1376; 0
1377; 8
1378; 16
1379; 0
1380; 0
1381; 0
1382; 0
1383; 4
1384; 32
1385; 0
1386; 0
1387; 0
1388; 8
1389; 8
1390; 4
1391; 0
1392; 0
1393; 0
1394; 0
1395; 0
1396; 0
1397; 0
1398; 0
1399; 0
1400; 0
1401; 16
1402; 0
1403; 32
1404; 0
1405; 0
1406; 0
1407; 4
1408; 0
1409; 0
1410; 32
1411; 0
1412; 0
1413; 4
1414; 4
1415; 0
1416; 0
1417; 4
1418; 0
1419; 0
1420; 4
1421; 0
1422; 4
1423; 0
1424; 4
1425; 0
1426; 0
1427; 4
1428; 4
1429; 0
1430; 4
1431; 4
1432; 0
1433; 0
1434; 0
1435; 8
1436; 0
1437; 4
1438; 0
1439; 0
1440; 0
1441; 4
1442; 0
1443; 0
1444; 0
1445; 0
1446; 0
1447; 0
1448; 4
1449; 4
1450; 0
1451; 32
1452; 0
1453; 4
1454; 0
1455; 4
1456; 0
1457; 0
1458; 0
1459; 0
1460; 0
1461; 0
1462; 0
1463; 0
1464; 8
1465; 0
1466; 0
1467; 16
1468; 0
1469; 0
1470; 0
1471; 0
1472; 16
1473; 0
1474; 16
1475; 0
1476; 0
1477; 8
1478; 4
1479; 0
1480; 4
1481; 0
1482; 0
1483; 0
1484; 4
1485; 0
1486; 0
1487; 0
1488; 0
1489; 0
1490; 0
1491; 0
1492; 4
1493; 0
1494; 0
1495; 4
1496; 4
1497; 0
1498; 0
1499; 32
1500; 0
1501; 0
1502; 0
1503; 0
1504; 0
1505; 0
1506; 0
1507; 4
1508; 0
1509; 0
1510; 0
1511; 0
1512; 16
1513; 4
1514; 0
1515; 4
1516; 16
1517; 0
1518; 4
1519; 0
1520; 0
1521; 128
1522; 0
1523; 0
1524; 0
1525; 0
1526; 0
1527; 4
1528; 0
1529; 4
1530; 4
1531; 0
1532; 4
1533; 4
1534; 0
1535; 0
1536; 0
1537; 0
1538; 0
1539; 0
1540; 0
1541; 4
1542; 0
1543; 0
1544; 8
1545; 0
1546; 0
1547; 4
1548; 0
1549; 0
1550; 16
1551; 4
1552; 0
1553; 0
1554; 0
1555; 0
1556; 4
1557; 16
1558; 8
1559; 4
1560; 4
1561; 4
1562; 0
1563; 0
1564; 8
1565; 0
1566; 0
1567; 64
1568; 0
1569; 0
1570; 8
1571; 0
1572; 0
1573; 32
1574; 0
1575; 0
1576; 4
1577; 0
1578; 0
1579; 0
1580; 0
1581; 32
1582; 4
1583; 8
1584; 0
1585; 4
1586; 0
1587; 4
1588; 0
1589; 4
1590; 4
1591; 4
1592; 4
1593; 0
1594; 0
1595; 8
1596; 0
1597; 4
1598; 0
1599; 4
1600; 0
1601; 4
1602; 0
1603; 16
1604; 8
1605; 4
1606; 4
1607; 4
1608; 0
1609; 0
1610; 8
1611; 0
1612; 0
1613; 0
1614; 0
1615; 0
1616; 0
1617; 0
1618; 0
1619; 8
1620; 0
1621; 8
1622; 4
1623; 0
1624; 4
1625; 0
1626; 0
1627; 0
1628; 0
1629; 0
1630; 0
1631; 0
1632; 0
1633; 0
1634; 4
1635; 4
1636; 4
1637; 4
1638; 4
1639; 0
1640; 0
1641; 32
1642; 0
1643; 0
1644; 0
1645; 4
1646; 0
1647; 4
1648; 4
1649; 0
1650; 0
1651; 0
1652; 8
1653; 0
1654; 0
1655; 4
1656; 0
1657; 4
1658; 0
1659; 4
1660; 0
1661; 0
1662; 0
1663; 0
1664; 0
1665; 0
1666; 0
1667; 0
1668; 4
1669; 4
1670; 0
1671; 8
1672; 0
1673; 4
1674; 0
1675; 4
1676; 16
1677; 4
1678; 8
1679; 4
1680; 0
1681; 4
1682; 8
1683; 0
1684; 0
1685; 4
1686; 0
1687; 0
1688; 0
1689; 0
1690; 0
1691; 0
1692; 32
1693; 0
1694; 0
1695; 4
1696; 4
1697; 4
1698; 0
1699; 0
1700; 0
1701; 0
1702; 0
1703; 16
1704; 0
1705; 0
1706; 0
1707; 0
1708; 0
1709; 0
1710; 0
1711; 0
1712; 4
1713; 0
1714; 0
1715; 0
1716; 8
1717; 8
1718; 0
1719; 0
1720; 4
1721; 0
1722; 4
1723; 4
1724; 4
1725; 4
1726; 16
1727; 0
1728; 0
1729; 0
1730; 0
1731; 4
1732; 0
1733; 0
1734; 4
1735; 0
1736; 4
1737; 0
1738; 8
1739; 0
1740; 16
1741; 0
1742; 0
1743; 0
1744; 0
1745; 32
1746; 8
1747; 0
1748; 4
1749; 0
1750; 4
1751; 4
1752; 0
1753; 4
1754; 0
1755; 4
1756; 0
1757; 0
1758; 0
1759; 4
1760; 0
1761; 0
1762; 0
1763; 0
1764; 0
1765; 0
1766; 0
1767; 4
1768; 4
1769; 4
1770; 4
1771; 0
1772; 0
1773; 0
1774; 0
1775; 0
1776; 0
1777; 4
1778; 0
1779; 4
1780; 0
1781; 16
1782; 0
1783; 0
1784; 16
1785; 8
1786; 0
1787; 0
1788; 0
1789; 4
1790; 0
1791; 0
1792; 8
1793; 4
1794; 0
1795; 0
1796; 0
1797; 4
1798; 4
1799; 0
1800; 8
1801; 4
1802; 0
1803; 4
1804; 0
1805; 4
1806; 8
1807; 0
1808; 0
1809; 0
1810; 4
1811; 0
1812; 0
1813; 4
1814; 4
1815; 4
1816; 4
1817; 0
1818; 4
1819; 16
1820; 0
1821; 4
1822; 8
1823; 4
1824; 0
1825; 0
1826; 4
1827; 0
1828; 0
1829; 8
1830; 16
1831; 0
1832; 0
1833; 0
1834; 0
1835; 0
1836; 4
1837; 0
1838; 0
1839; 4
1840; 0
1841; 4
1842; 4
1843; 0
1844; 0
1845; 4
1846; 0
1847; 4
1848; 0
1849; 0
1850; 0
1851; 0
1852; 4
1853; 0
1854; 4
1855; 0
1856; 16
1857; 64
1858; 0
1859; 0
1860; 8
1861; 4
1862; 0
1863; 4
1864; 0
1865; 0
1866; 4
1867; 0
1868; 4
1869; 0
1870; 4
1871; 0
1872; 0
1873; 16
1874; 0
1875; 0
1876; 0
1877; 0
1878; 4
1879; 0
1880; 4
1881; 4
1882; 4
1883; 4
1884; 4
1885; 4
1886; 64
1887; 0
1888; 0
1889; 0
1890; 0
1891; 0
1892; 0
1893; 8
1894; 4
1895; 4
1896; 0
1897; 4
1898; 0
1899; 0
1900; 0
1901; 0
1902; 0
1903; 4
1904; 4
1905; 4
1906; 0
1907; 0
1908; 4
1909; 0
1910; 0
1911; 32
1912; 4
1913; 4
1914; 0
1915; 0
1916; 0
1917; 0
1918; 0
1919; 4
1920; 4
1921; 4
1922; 0
1923; 0
1924; 4
1925; 4
1926; 0
1927; 0
1928; 0
1929; 0
1930; 4
1931; 0
1932; 0
1933; 4
1934; 0
1935; 0
1936; 8
1937; 0
1938; 8
1939; 0
1940; 4
1941; 4
1942; 4
1943; 0
1944; 4
1945; 0
1946; 0
1947; 0
1948; 4
1949; 0
1950; 0
1951; 0
1952; 0
1953; 0
1954; 0
1955; 0
1956; 0
1957; 0
1958; 0
1959; 0
1960; 0
1961; 0
1962; 4
1963; 0
1964; 0
1965; 4
1966; 0
1967; 0
1968; 4
1969; 0
1970; 0
1971; 0
1972; 0
1973; 0
1974; 0
1975; 0
1976; 0
1977; 0
1978; 0
1979; 4
1980; 0
1981; 0
1982; 16
1983; 0
1984; 0
1985; 4
1986; 0
1987; 0
1988; 0
1989; 0
1990; 4
1991; 0
1992; 0
1993; 0
1994; 4
1995; 0
1996; 4
1997; 4
1998; 0
1999; 0
2000; 64
2001; 8
2002; 0
2003; 0
2004; 8
2005; 0
2006; 0
2007; 0
2008; 4
2009; 0
2010; 0
2011; 4
2012; 4
2013; 4
2014; 8
2015; 0
2016; 0
2017; 0
2018; 0
2019; 0
2020; 4
2021; 0
2022; 4
2023; 0
2024; 8
2025; 8
2026; 0
2027; 0
2028; 0
2029; 16
2030; 4
2031; 0
2032; 8
2033; 0
2034; 0
2035; 8
2036; 8
2037; 0
2038; 0
2039; 0
2040; 0
2041; 4
2042; 0
2043; 4
2044; 0
2045; 0
2046; 0
2047; 0
2048; 4
2049; 0
2050; 0
2051; 4
2052; 0
2053; 0
2054; 0
2055; 0
2056; 0
2057; 0
2058; 16
2059; 0
2060; 0
2061; 0
2062; 0
2063; 4
2064; 0
2065; 8
2066; 4
2067; 0
2068; 8
2069; 0
2070; 16
2071; 0
2072; 0
2073; 4
2074; 0
2075; 0
2076; 4
2077; 8
2078; 0
2079; 0
2080; 0
2081; 0
2082; 0
2083; 0
2084; 0
2085; 0
2086; 0
2087; 0
2088; 8
2089; 0
2090; 8
2091; 4
2092; 16
2093; 0
2094; 0
2095; 4
2096; 0
2097; 0
2098; 0
2099; 0
2100; 0
2101; 4
2102; 4
2103; 4
2104; 4
2105; 4
2106; 4
2107; 4
2108; 4
2109; 4
2110; 4
2111; 4
2112; 0
2113; 0
2114; 0
2115; 4
2116; 0
2117; 0
2118; 4
2119; 4
2120; 0
2121; 0
2122; 0
2123; 0
2124; 0
2125; 0
2126; 0
2127; 0
2128; 0
2129; 0
2130; 4
2131; 0
2132; 4
2133; 0
2134; 0
2135; 16
2136; 0
2137; 4
2138; 0
2139; 0
2140; 16
2141; 8
2142; 0
2143; 0
2144; 0
2145; 0
2146; 0
2147; 0
2148; 0
2149; 0
2150; 0
2151; 0
2152; 4
2153; 8
2154; 0
2155; 4
2156; 0
2157; 0
2158; 0
2159; 0
2160; 4
2161; 0
2162; 0
2163; 4
2164; 0
2165; 4
2166; 0
2167; 0
2168; 4
2169; 0
2170; 4
2171; 0
2172; 512
2173; 0
2174; 0
2175; 4
2176; 0
2177; 0
2178; 0
2179; 0
2180; 4
2181; 4
2182; 0
2183; 4
2184; 0
2185; 0
2186; 0
2187; 0
2188; 0
2189; 0
2190; 4
2191; 0
2192; 0
2193; 4
2194; 0
2195; 4
2196; 0
2197; 0
2198; 4
2199; 0
2200; 0
2201; 0
2202; 8
2203; 0
2204; 0
2205; 0
2206; 0
2207; 0
2208; 0
2209; 8
2210; 4
2211; 0
2212; 0
2213; 0
2214; 4
2215; 4
2216; 0
2217; 0
2218; 0
2219; 0
2220; 16
2221; 4
2222; 8
2223; 8
2224; 0
2225; 0
2226; 0
2227; 4
2228; 0
2229; 0
2230; 0
2231; 4
2232; 0
2233; 0
2234; 0
2235; 0
2236; 4
2237; 0
2238; 4
2239; 0
2240; 32
2241; 4
2242; 0
2243; 0
2244; 0
2245; 0
2246; 4
2247; 0
2248; 0
2249; 4
2250; 0
2251; 0
2252; 0
2253; 0
2254; 4
2255; 8
2256; 0
2257; 4
2258; 0
2259; 0
2260; 0
2261; 4
2262; 0
2263; 0
2264; 0
2265; 16
2266; 0
2267; 0
2268; 0
2269; 0
2270; 4
2271; 4
2272; 4
2273; 16
2274; 0
2275; 0
2276; 0
2277; 4
2278; 16
2279; 0
2280; 4
2281; 0
2282; 0
2283; 0
2284; 8
2285; 0
2286; 0
2287; 0
2288; 0
2289; 4
2290; 0
2291; 4
2292; 8
2293; 0
2294; 4
2295; 0
2296; 0
2297; 0
2298; 0
2299; 0
2300; 4
2301; 0
2302; 0
2303; 0
2304; 0
2305; 0
2306; 4
2307; 4
2308; 0
2309; 0
2310; 4
2311; 0
2312; 0
2313; 4
2314; 16
2315; 4
2316; 0
2317; 0
2318; 0
2319; 0
2320; 0
2321; 0
2322; 4
2323; 4
2324; 0
2325; 8
2326; 16
2327; 4
2328; 4
2329; 0
2330; 4
2331; 0
2332; 0
2333; 0
2334; 0
2335; 8
2336; 0
2337; 4
2338; 4
2339; 0
2340; 0
2341; 4
2342; 16
2343; 0
2344; 0
2345; 0
2346; 0
2347; 4
2348; 0
2349; 0
2350; 4
2351; 0
2352; 0
2353; 0
2354; 0
2355; 0
2356; 0
2357; 0
2358; 0
2359; 0
2360; 4
2361; 0
2362; 0
2363; 0
2364; 0
2365; 0
2366; 0
2367; 0
2368; 0
2369; 0
2370; 0
2371; 4
2372; 0
2373; 0
2374; 0
2375; 0
2376; 4
2377; 0
2378; 0
2379; 0
2380; 8
2381; 0
2382; 4
2383; 0
2384; 8
2385; 0
2386; 0
2387; 4
2388; 4
2389; 0
2390; 8
2391; 0
2392; 4
2393; 8
2394; 0
2395; 8
2396; 0
2397; 0
2398; 0
2399; 128
2400; 0
2401; 4
2402; 0
2403; 4
2404; 0
2405; 0
2406; 0
2407; 4
2408; 4
2409; 0
2410; 4
2411; 0
2412; 0
2413; 0
2414; 0
2415; 0
2416; 4
2417; 4
2418; 4
2419; 4
2420; 0
2421; 0
2422; 0
2423; 0
2424; 0
2425; 8
2426; 8
2427; 16
2428; 8
2429; 16
2430; 0
2431; 0
2432; 0
2433; 0
2434; 4
2435; 8
2436; 0
2437; 4
2438; 0
2439; 0
2440; 16
2441; 4
2442; 4
2443; 4
2444; 0
2445; 4
2446; 0
2447; 4
2448; 0
2449; 0
2450; 4
2451; 0
2452; 0
2453; 0
2454; 0
2455; 0
2456; 32
2457; 4
2458; 4
2459; 0
2460; 0
2461; 4
2462; 8
2463; 4
2464; 0
2465; 4
2466; 4
2467; 0
2468; 0
2469; 16
2470; 4
2471; 0
2472; 4
2473; 0
2474; 8
2475; 4
2476; 0
2477; 0
2478; 0
2479; 0
2480; 0
2481; 0
2482; 16
2483; 0
2484; 4
2485; 0
2486; 0
2487; 0
2488; 0
2489; 0
2490; 0
2491; 0
2492; 4
2493; 8
2494; 8
2495; 4
2496; 0
2497; 0
2498; 0
2499; 0
2500; 0
2501; 0
2502; 4
2503; 32
2504; 0
2505; 0
2506; 4
2507; 0
2508; 0
2509; 0
2510; 8
2511; 4
2512; 4
2513; 0
2514; 4
2515; 64
2516; 8
2517; 4
2518; 4
2519; 0
2520; 4
2521; 16
2522; 0
2523; 0
2524; 0
2525; 0
2526; 0
2527; 0
2528; 8
2529; 16
2530; 4
2531; 0
2532; 0
2533; 4
2534; 0
2535; 0
2536; 0
2537; 8
2538; 0
2539; 0
2540; 0
2541; 0
2542; 0
2543; 32
2544; 0
2545; 4
2546; 0
2547; 0
2548; 0
2549; 4
2550; 0
2551; 0
2552; 0
2553; 0
2554; 0
2555; 4
2556; 0
2557; 0
2558; 0
2559; 0
2560; 4
2561; 0
2562; 4
2563; 4
2564; 0
2565; 0
2566; 0
2567; 4
2568; 4
2569; 0
2570; 0
2571; 4
2572; 0
2573; 0
2574; 0
2575; 4
2576; 0
2577; 8
2578; 4
2579; 0
2580; 4
2581; 64
2582; 0
2583; 0
2584; 0
2585; 8
2586; 16
2587; 4
2588; 0
2589; 0
2590; 0
2591; 4
2592; 4
2593; 0
2594; 0
2595; 0
2596; 0
2597; 0
2598; 4
2599; 0
2600; 4
2601; 0
2602; 0
2603; 0
2604; 0
2605; 0
2606; 4
2607; 4
2608; 4
2609; 4
2610; 0
2611; 0
2612; 0
2613; 0
2614; 4
2615; 8
2616; 8
2617; 0
2618; 0
2619; 0
2620; 0
2621; 0
2622; 4
2623; 0
2624; 32
2625; 64
2626; 4
2627; 0
2628; 0
2629; 0
2630; 4
2631; 0
2632; 0
2633; 0
2634; 0
2635; 4
2636; 0
2637; 0
2638; 0
2639; 8
2640; 0
2641; 4
2642; 0
2643; 0
2644; 0
2645; 0
2646; 0
2647; 0
2648; 4
2649; 0
2650; 8
2651; 4
2652; 4
2653; 8
2654; 0
2655; 4
2656; 0
2657; 0
2658; 8
2659; 0
2660; 0
2661; 0
2662; 0
2663; 0
2664; 0
2665; 0
2666; 4
2667; 4
2668; 0
2669; 0
2670; 0
2671; 0
2672; 0
2673; 0
2674; 0
2675; 0
2676; 0
2677; 8
2678; 0
2679; 0
2680; 4
2681; 0
2682; 16
2683; 0
2684; 0
2685; 0
2686; 16
2687; 0
2688; 0
2689; 0
2690; 0
2691; 0
2692; 0
2693; 4
2694; 0
2695; 0
2696; 0
2697; 0
2698; 0
2699; 0
2700; 0
2701; 0
2702; 0
2703; 0
2704; 8
2705; 16
2706; 0
2707; 0
2708; 0
2709; 8
2710; 0
2711; 0
2712; 0
2713; 8
2714; 16
2715; 0
2716; 4
2717; 4
2718; 4
2719; 0
2720; 0
2721; 0
2722; 0
2723; 0
2724; 0
2725; 0
2726; 0
2727; 0
2728; 0
2729; 4
2730; 0
2731; 0
2732; 0
2733; 0
2734; 0
2735; 4
2736; 8
2737; 0
2738; 0
2739; 0
2740; 32
2741; 0
2742; 0
2743; 64
2744; 0
2745; 0
2746; 4
2747; 0
2748; 0
2749; 4
2750; 0
2751; 0
2752; 0
2753; 0
2754; 0
2755; 0
2756; 0
2757; 0
2758; 0
2759; 0
2760; 0
2761; 0
2762; 0
2763; 0
2764; 0
2765; 0
2766; 0
2767; 0
2768; 0
2769; 4
2770; 0
2771; 4
2772; 0
2773; 32
2774; 0
2775; 0
2776; 4
2777; 0
2778; 128
2779; 4
2780; 0
2781; 8
2782; 0
2783; 0
2784; 4
2785; 0
2786; 4
2787; 16
2788; 0
2789; 0
2790; 4
2791; 0
2792; 4
2793; 0
2794; 4
2795; 0
2796; 0
2797; 0
2798; 0
2799; 8
2800; 0
2801; 0
2802; 0
2803; 0
2804; 0
2805; 8
2806; 0
2807; 0
2808; 0
2809; 0
2810; 0
2811; 4
2812; 0
2813; 4
2814; 0
2815; 0
2816; 0
2817; 8
2818; 4
2819; 4
2820; 0
2821; 4
2822; 4
2823; 8
2824; 8
2825; 4
2826; 8
2827; 8
2828; 0
2829; 0
2830; 0
2831; 0
2832; 0
2833; 4
2834; 0
2835; 8
2836; 8
2837; 0
2838; 0
2839; 0
2840; 4
2841; 0
2842; 8
2843; 0
2844; 0
2845; 0
2846; 0
2847; 4
2848; 4
2849; 0
2850; 0
2851; 0
2852; 0
2853; 0
2854; 0
2855; 4
2856; 8
2857; 4
2858; 0
2859; 0
2860; 0
2861; 8
2862; 0
2863; 0
2864; 0
2865; 4
2866; 4
2867; 0
2868; 0
2869; 0
2870; 8
2871; 0
2872; 0
2873; 0
2874; 64
2875; 0
2876; 0
2877; 0
2878; 0
2879; 0
2880; 0
2881; 0
2882; 0
2883; 0
2884; 0
2885; 0
2886; 0
2887; 4
2888; 0
2889; 0
2890; 0
2891; 32
2892; 0
2893; 0
2894; 0
2895; 0
2896; 0
2897; 0
2898; 0
2899; 0
2900; 0
2901; 0
2902; 8
2903; 4
2904; 4
2905; 4
2906; 0
2907; 0
2908; 0
2909; 0
2910; 0
2911; 8
2912; 0
2913; 4
2914; 4
2915; 0
2916; 0
2917; 0
2918; 0
2919; 0
2920; 0
2921; 4
2922; 8
2923; 0
2924; 16
2925; 4
2926; 4
2927; 4
2928; 0
2929; 8
2930; 0
2931; 0
2932; 0
2933; 0
2934; 0
2935; 0
2936; 4
2937; 0
2938; 0
2939; 0
2940; 64
2941; 0
2942; 0
2943; 0
2944; 4
2945; 0
2946; 0
2947; 0
2948; 0
2949; 4
2950; 0
2951; 0
2952; 0
2953; 4
2954; 0
2955; 4
2956; 4
2957; 0
2958; 0
2959; 0
2960; 0
2961; 0
2962; 4
2963; 0
2964; 0
2965; 0
2966; 4
2967; 0
2968; 0
2969; 8
2970; 8
2971; 4
2972; 4
2973; 4
2974; 32
2975; 4
2976; 0
2977; 0
2978; 0
2979; 4
2980; 0
2981; 0
2982; 0
2983; 8
2984; 0
2985; 0
2986; 4
2987; 0
2988; 0
2989; 0
2990; 0
2991; 4
2992; 4
2993; 4
2994; 0
2995; 4
2996; 0
2997; 16
2998; 0
2999; 4
3000; 32
3001; 16
3002; 0
3003; 0
3004; 0
3005; 0
3006; 256
3007; 0
3008; 0
3009; 0
3010; 0
3011; 8
3012; 8
3013; 0
3014; 0
3015; 0
3016; 0
3017; 0
3018; 0
3019; 0
3020; 0
3021; 0
3022; 0
3023; 4
3024; 8
3025; 0
3026; 0
3027; 0
3028; 4
3029; 4
3030; 4
3031; 0
3032; 0
3033; 0
3034; 4
3035; 8
3036; 0
3037; 0
3038; 0
3039; 4
3040; 0
3041; 0
3042; 0
3043; 16
3044; 0
3045; 0
3046; 4
3047; 4
3048; 4
3049; 32
3050; 0
3051; 8
3052; 0
3053; 0
3054; 0
3055; 4
3056; 4
3057; 0
3058; 8
3059; 4
3060; 4
3061; 8
3062; 0
3063; 0
3064; 0
3065; 0
3066; 4
3067; 4
3068; 0
3069; 4
3070; 0
3071; 0
3072; 0
3073; 0
3074; 0
3075; 64
3076; 16
3077; 0
3078; 0
3079; 0
3080; 0
3081; 8
3082; 0
3083; 0
3084; 4
3085; 4
3086; 8
3087; 4
3088; 0
3089; 4
3090; 0
3091; 0
3092; 0
3093; 0
3094; 4
3095; 4
3096; 4
3097; 4
3098; 0
3099; 4
3100; 16
3101; 16
3102; 4
3103; 0
3104; 0
3105; 0
3106; 4
3107; 0
3108; 4
3109; 0
3110; 0
3111; 0
3112; 0
3113; 0
3114; 0
3115; 64
3116; 0
3117; 0
3118; 0
3119; 0
3120; 4
3121; 4
3122; 8
3123; 8
3124; 0
3125; 4
3126; 0
3127; 4
3128; 0
3129; 32
3130; 0
3131; 0
3132; 4
3133; 0
3134; 0
3135; 0
3136; 0
3137; 0
3138; 0
3139; 0
3140; 0
3141; 8
3142; 0
3143; 0
3144; 0
3145; 32
3146; 32
3147; 4
3148; 4
3149; 0
3150; 0
3151; 0
3152; 0
3153; 4
3154; 0
3155; 4
3156; 0
3157; 4
3158; 4
3159; 16
3160; 0
3161; 0
3162; 0
3163; 16
3164; 0
3165; 4
3166; 0
3167; 0
3168; 8
3169; 0
3170; 4
3171; 0
3172; 4
3173; 16
3174; 0
3175; 16
3176; 0
3177; 4
3178; 0
3179; 0
3180; 0
3181; 4
3182; 0
3183; 0
3184; 64
3185; 0
3186; 0
3187; 0
3188; 0
3189; 4
3190; 0
3191; 4
3192; 4
3193; 8
3194; 4
3195; 8
3196; 0
3197; 0
3198; 0
3199; 4
3200; 0
3201; 4
3202; 0
3203; 8
3204; 0
3205; 32
3206; 16
3207; 0
3208; 0
3209; 0
3210; 8
3211; 0
3212; 0
3213; 4
3214; 0
3215; 4
3216; 4
3217; 0
3218; 8
3219; 4
3220; 4
3221; 0
3222; 4
3223; 0
3224; 0
3225; 0
3226; 0
3227; 0
3228; 0
3229; 0
3230; 4
3231; 0
3232; 0
3233; 8
3234; 0
3235; 4
3236; 0
3237; 0
3238; 0
3239; 0
3240; 0
3241; 0
3242; 0
3243; 4
3244; 0
3245; 0
3246; 0
3247; 0
3248; 0
3249; 0
3250; 0
3251; 4
3252; 4
3253; 0
3254; 0
3255; 4
3256; 8
3257; 0
3258; 0
3259; 0
3260; 0
3261; 4
3262; 0
3263; 4
3264; 0
3265; 8
3266; 4
3267; 4
3268; 4
3269; 0
3270; 0
3271; 0
3272; 16
3273; 4
3274; 0
3275; 0
3276; 0
3277; 0
3278; 0
3279; 0
3280; 0
3281; 4
3282; 4
3283; 4
3284; 32
3285; 0
3286; 4
3287; 0
3288; 16
3289; 8
3290; 0
3291; 16
3292; 4
3293; 8
3294; 0
3295; 0
3296; 0
3297; 0
3298; 4
3299; 8
3300; 4
3301; 4
3302; 0
3303; 0
3304; 4
3305; 8
3306; 0
3307; 4
3308; 0
3309; 0
3310; 0
3311; 0
3312; 0
3313; 0
3314; 4
3315; 0
3316; 4
3317; 0
3318; 4
3319; 0
3320; 4
3321; 4
3322; 0
3323; 0
3324; 8
3325; 0
3326; 0
3327; 0
3328; 0
3329; 0
3330; 4
3331; 4
3332; 0
3333; 32
3334; 4
3335; 4
3336; 0
3337; 16
3338; 8
3339; 0
3340; 0
3341; 8
3342; 0
3343; 64
3344; 0
3345; 0
3346; 0
3347; 4
3348; 0
3349; 4
3350; 8
3351; 0
3352; 4
3353; 0
3354; 4
3355; 0
3356; 8
3357; 0
3358; 4
3359; 0
3360; 0
3361; 0
3362; 0
3363; 0
3364; 0
3365; 8
3366; 8
3367; 0
3368; 4
3369; 4
3370; 0
3371; 0
3372; 0
3373; 0
3374; 4
3375; 4
3376; 4
3377; 0
3378; 0
3379; 0
3380; 8
3381; 0
3382; 0
3383; 0
3384; 0
3385; 0
3386; 4
3387; 0
3388; 4
3389; 16
3390; 4
3391; 0
3392; 4
3393; 0
3394; 0
3395; 8
3396; 0
3397; 0
3398; 0
3399; 4
3400; 16
3401; 4
3402; 8
3403; 0
3404; 0
3405; 8
3406; 0
3407; 0
3408; 0
3409; 0
3410; 0
3411; 0
3412; 8
3413; 0
3414; 0
3415; 0
3416; 0
3417; 0
3418; 0
3419; 0
3420; 4
3421; 16
3422; 0
3423; 0
3424; 16
3425; 16
3426; 0
3427; 0
3428; 4
3429; 0
3430; 0
3431; 0
3432; 0
3433; 0
3434; 0
3435; 0
3436; 0
3437; 0
3438; 0
3439; 0
3440; 0
3441; 16
3442; 4
3443; 8
3444; 0
3445; 0
3446; 0
3447; 4
3448; 4
3449; 0
3450; 0
3451; 0
3452; 0
3453; 8
3454; 8
3455; 0
3456; 4
3457; 0
3458; 8
3459; 0
3460; 0
3461; 0
3462; 0
3463; 0
3464; 16
3465; 0
3466; 4
3467; 0
3468; 4
3469; 0
3470; 0
3471; 0
3472; 0
3473; 4
3474; 0
3475; 4
3476; 0
3477; 8
3478; 0
3479; 8
3480; 0
3481; 0
3482; 0
3483; 8
3484; 4
3485; 0
3486; 0
3487; 0
3488; 0
3489; 0
3490; 0
3491; 4
3492; 0
3493; 0
3494; 0
3495; 0
3496; 4
3497; 0
3498; 0
3499; 8
3500; 0
3501; 16
3502; 0
3503; 0
3504; 4
3505; 0
3506; 0
3507; 0
3508; 16
3509; 0
3510; 0
3511; 4
3512; 0
3513; 16
3514; 0
3515; 0
3516; 4
3517; 8
3518; 4
3519; 64
3520; 8
3521; 0
3522; 0
3523; 0
3524; 0
3525; 4
3526; 4
3527; 4
3528; 0
3529; 8
3530; 0
3531; 0
3532; 0
3533; 4
3534; 4
3535; 0
3536; 0
3537; 0
3538; 0
3539; 4
3540; 4
3541; 0
3542; 0
3543; 0
3544; 4
3545; 0
3546; 4
3547; 4
3548; 4
3549; 4
3550; 4
3551; 4
3552; 0
3553; 0
3554; 0
3555; 0
3556; 4
3557; 0
3558; 4
3559; 16
3560; 0
3561; 0
3562; 0
3563; 0
3564; 0
3565; 4
3566; 0
3567; 0
3568; 0
3569; 0
3570; 0
3571; 0
3572; 0
3573; 0
3574; 16
3575; 0
3576; 4
3577; 0
3578; 0
3579; 0
3580; 0
3581; 0
3582; 0
3583; 0
3584; 0
3585; 4
3586; 0
3587; 0
3588; 8
3589; 0
3590; 16
3591; 0
3592; 0
3593; 4
3594; 0
3595; 8
3596; 0
3597; 4
3598; 4
3599; 8
3600; 0
3601; 4
3602; 0
3603; 8
3604; 0
3605; 0
3606; 0
3607; 0
3608; 4
3609; 4
3610; 0
3611; 8
3612; 4
3613; 0
3614; 0
3615; 0
3616; 4
3617; 0
3618; 64
3619; 4
3620; 0
3621; 0
3622; 4
3623; 4
3624; 0
3625; 4
3626; 0
3627; 0
3628; 4
3629; 4
3630; 0
3631; 0
3632; 0
3633; 8
3634; 0
3635; 8
3636; 4
3637; 8
3638; 0
3639; 0
3640; 0
3641; 4
3642; 0
3643; 0
3644; 4
3645; 4
3646; 4
3647; 0
3648; 4
3649; 16
3650; 0
3651; 0
3652; 4
3653; 0
3654; 0
3655; 8
3656; 0
3657; 8
3658; 0
3659; 4
3660; 4
3661; 0
3662; 0
3663; 0
3664; 0
3665; 4
3666; 4
3667; 4
3668; 0
3669; 4
3670; 0
3671; 0
3672; 0
3673; 0
3674; 0
3675; 0
3676; 0
3677; 0
3678; 0
3679; 256
3680; 0
3681; 4
3682; 8
3683; 4
3684; 4
3685; 0
3686; 8
3687; 4
3688; 0
3689; 0
3690; 0
3691; 0
3692; 0
3693; 16
3694; 0
3695; 8
3696; 0
3697; 0
3698; 4
3699; 0
3700; 0
3701; 0
3702; 0
3703; 0
3704; 0
3705; 4
3706; 0
3707; 0
3708; 0
3709; 0
3710; 0
3711; 0
3712; 0
3713; 8
3714; 4
3715; 4
3716; 0
3717; 4
3718; 4
3719; 0
3720; 0
3721; 0
3722; 0
3723; 4
3724; 32
3725; 4
3726; 0
3727; 0
3728; 8
3729; 4
3730; 0
3731; 16
3732; 8
3733; 0
3734; 8
3735; 0
3736; 0
3737; 0
3738; 0
3739; 0
3740; 0
3741; 0
3742; 0
3743; 0
3744; 4
3745; 0
3746; 4
3747; 4
3748; 8
3749; 0
3750; 0
3751; 0
3752; 8
3753; 8
3754; 4
3755; 4
3756; 0
3757; 0
3758; 0
3759; 4
3760; 0
3761; 4
3762; 32
3763; 4
3764; 4
3765; 0
3766; 0
3767; 4
3768; 0
3769; 0
3770; 8
3771; 0
3772; 8
3773; 0
3774; 8
3775; 0
3776; 8
3777; 16
3778; 4
3779; 4
3780; 4
3781; 32
3782; 0
3783; 4
3784; 128
3785; 4
3786; 4
3787; 0
3788; 4
3789; 4
3790; 4
3791; 0
3792; 4
3793; 0
3794; 32
3795; 8
3796; 0
3797; 0
3798; 0
3799; 0
3800; 4
3801; 8
3802; 0
3803; 4
3804; 0
3805; 16
3806; 0
3807; 4
3808; 4
3809; 0
3810; 0
3811; 4
3812; 4
3813; 4
3814; 0
3815; 16
3816; 0
3817; 4
3818; 4
3819; 0
3820; 0
3821; 4
3822; 4
3823; 0
3824; 0
3825; 4
3826; 0
3827; 0
3828; 0
3829; 0
3830; 0
3831; 256
3832; 0
3833; 4
3834; 0
3835; 0
3836; 0
3837; 0
3838; 0
3839; 0
3840; 4
3841; 0
3842; 4
3843; 0
3844; 4
3845; 4
3846; 4
3847; 0
3848; 0
3849; 4
3850; 4
3851; 0
3852; 32
3853; 4
3854; 4
3855; 0
3856; 8
3857; 0
3858; 0
3859; 4
3860; 0
3861; 0
3862; 0
3863; 16
3864; 4
3865; 0
3866; 8
3867; 0
3868; 0
3869; 4
3870; 4
3871; 0
3872; 8
3873; 0
3874; 0
3875; 0
3876; 16
3877; 0
3878; 0
3879; 0
3880; 4
3881; 0
3882; 0
3883; 0
3884; 0
3885; 4
3886; 0
3887; 4
3888; 0
3889; 4
3890; 4
3891; 0
3892; 16
3893; 0
3894; 0
3895; 16
3896; 32
3897; 0
3898; 8
3899; 0
3900; 0
3901; 4
3902; 0
3903; 0
3904; 4
3905; 4
3906; 0
3907; 0
3908; 0
3909; 0
3910; 4
3911; 4
3912; 0
3913; 16
3914; 4
3915; 0
3916; 0
3917; 4
3918; 0
3919; 0
3920; 16
3921; 0
3922; 4
3923; 0
3924; 0
3925; 0
3926; 32
3927; 4
3928; 0
3929; 0
3930; 4
3931; 0
3932; 0
3933; 0
3934; 0
3935; 0
3936; 0
3937; 0
3938; 0
3939; 0
3940; 0
3941; 4
3942; 0
3943; 8
3944; 0
3945; 0
3946; 0
3947; 4
3948; 0
3949; 0
3950; 0
3951; 8
3952; 0
3953; 0
3954; 0
3955; 0
3956; 0
3957; 0
3958; 0
3959; 0
3960; 4
3961; 0
3962; 0
3963; 0
3964; 8
3965; 0
3966; 0
3967; 0
3968; 4
3969; 16
3970; 4
3971; 0
3972; 8
3973; 0
3974; 0
3975; 4
3976; 0
3977; 4
3978; 128
3979; 8
3980; 4
3981; 0
3982; 0
3983; 8
3984; 0
3985; 4
3986; 0
3987; 4
3988; 4
3989; 8
3990; 0
3991; 0
3992; 0
3993; 4
3994; 4
3995; 0
3996; 0
3997; 0
3998; 4
3999; 4
4000; 4
4001; 4
4002; 0
4003; 4
4004; 0
4005; 4
4006; 0
4007; 0
4008; 4
4009; 4
4010; 8
4011; 0
4012; 0
4013; 0
4014; 0
4015; 0
4016; 8
4017; 0
4018; 0
4019; 4
4020; 4
4021; 0
4022; 0
4023; 0
4024; 0
4025; 0
4026; 0
4027; 0
4028; 4
4029; 0
4030; 4
4031; 0
4032; 0
4033; 0
4034; 0
4035; 4
4036; 0
4037; 4
4038; 0
4039; 0
4040; 0
4041; 16
4042; 0
4043; 0
4044; 0
4045; 0
4046; 0
4047; 0
4048; 0
4049; 4
4050; 4
4051; 0
4052; 4
4053; 0
4054; 0
4055; 4
4056; 8
4057; 4
4058; 0
4059; 0
4060; 4
4061; 0
4062; 4
4063; 0
4064; 0
4065; 0
4066; 0
4067; 0
4068; 16
4069; 4
4070; 0
4071; 0
4072; 16
4073; 32
4074; 0
4075; 0
4076; 0
4077; 0
4078; 4
4079; 0
4080; 4
4081; 0
4082; 4
4083; 4
4084; 4
4085; 0
4086; 0
4087; 0
4088; 0
4089; 0
4090; 0
4091; 0
4092; 0
4093; 16
4094; 4
4095; 8
4096; 0
4097; 32
4098; 0
4099; 0
4100; 0
4101; 0
4102; 0
4103; 4
4104; 0
4105; 0
4106; 4
4107; 4
4108; 0
4109; 0
4110; 8
4111; 8
4112; 0
4113; 0
4114; 0
4115; 0
4116; 4
4117; 0
4118; 0
4119; 0
4120; 0
4121; 4
4122; 4
4123; 0
4124; 0
4125; 0
4126; 0
4127; 0
4128; 4
4129; 0
4130; 0
4131; 0
4132; 4
4133; 4
4134; 0
4135; 0
4136; 4
4137; 0
4138; 0
4139; 4
4140; 0
4141; 4
4142; 4
4143; 4
4144; 4
4145; 0
4146; 0
4147; 4
4148; 4
4149; 16
4150; 16
4151; 4
4152; 0
4153; 0
4154; 0
4155; 0
4156; 4
4157; 4
4158; 0
4159; 4
4160; 0
4161; 0
4162; 0
4163; 4
4164; 4
4165; 0
4166; 8
4167; 0
4168; 0
4169; 4
4170; 0
4171; 0
4172; 0
4173; 0
4174; 0
4175; 0
4176; 0
4177; 0
4178; 0
4179; 0
4180; 4
4181; 8
4182; 8
4183; 0
4184; 8
4185; 4
4186; 4
4187; 0
4188; 4
4189; 4
4190; 0
4191; 0
4192; 0
4193; 16
4194; 0
4195; 0
4196; 128
4197; 0
4198; 0
4199; 16
4200; 0
4201; 8
4202; 4
4203; 0
4204; 4
4205; 4
4206; 8
4207; 4
4208; 256
4209; 8
4210; 4
4211; 0
4212; 64
4213; 0
4214; 4
4215; 0
4216; 0
4217; 0
4218; 0
4219; 64
4220; 0
4221; 4
4222; 0
4223; 0
4224; 0
4225; 4
4226; 0
4227; 0
4228; 0
4229; 16
4230; 4
4231; 4
4232; 4
4233; 0
4234; 4
4235; 0
4236; 8
4237; 0
4238; 4
4239; 4
4240; 0
4241; 0
4242; 0
4243; 0
4244; 4
4245; 4
4246; 4
4247; 4
4248; 0
4249; 0
4250; 0
4251; 0
4252; 0
4253; 0
4254; 256
4255; 4
4256; 0
4257; 4
4258; 64
4259; 4
4260; 4
4261; 0
4262; 8
4263; 4
4264; 8
4265; 4
4266; 4
4267; 8
4268; 0
4269; 0
4270; 4
4271; 0
4272; 0
4273; 0
4274; 0
4275; 8
4276; 4
4277; 0
4278; 0
4279; 4
4280; 0
4281; 0
4282; 0
4283; 0
4284; 4
4285; 4
4286; 4
4287; 4
4288; 0
4289; 0
4290; 0
4291; 0
4292; 0
4293; 16
4294; 8
4295; 0
4296; 0
4297; 0
4298; 4
4299; 0
4300; 0
4301; 0
4302; 0
4303; 0
4304; 0
4305; 4
4306; 0
4307; 0
4308; 4
4309; 0
4310; 0
4311; 0
4312; 0
4313; 0
4314; 4
4315; 4
4316; 0
4317; 8
4318; 4
4319; 32
4320; 0
4321; 0
4322; 0
4323; 0
4324; 0
4325; 0
4326; 0
4327; 0
4328; 0
4329; 0
4330; 0
4331; 8
4332; 4
4333; 4
4334; 0
4335; 0
4336; 0
4337; 0
4338; 4
4339; 0
4340; 0
4341; 4
4342; 4
4343; 4
4344; 0
4345; 0
4346; 0
4347; 0
4348; 4
4349; 4
4350; 0
4351; 4
4352; 4
4353; 8
4354; 64
4355; 0
4356; 0
4357; 4
4358; 0
4359; 8
4360; 0
4361; 4
4362; 0
4363; 4
4364; 4
4365; 4
4366; 0
4367; 4
4368; 0
4369; 8
4370; 16
4371; 0
4372; 8
4373; 16
4374; 0
4375; 0
4376; 0
4377; 8
4378; 16
4379; 8
4380; 4
4381; 4
4382; 32
4383; 0
4384; 8
4385; 4
4386; 0
4387; 8
4388; 0
4389; 4
4390; 0
4391; 0
4392; 0
4393; 0
4394; 0
4395; 0
4396; 0
4397; 4
4398; 4
4399; 16
4400; 0
4401; 4
4402; 4
4403; 0
4404; 0
4405; 8
4406; 0
4407; 0
4408; 0
4409; 0
4410; 8
4411; 0
4412; 8
4413; 0
4414; 0
4415; 0
4416; 0
4417; 4
4418; 16
4419; 16
4420; 4
4421; 0
4422; 0
4423; 0
4424; 0
4425; 4
4426; 0
4427; 0
4428; 0
4429; 0
4430; 0
4431; 4
4432; 0
4433; 0
4434; 16
4435; 0
4436; 8
4437; 0
4438; 0
4439; 0
4440; 4
4441; 0
4442; 0
4443; 0
4444; 16
4445; 8
4446; 0
4447; 4
4448; 0
4449; 4
4450; 0
4451; 0
4452; 0
4453; 32
4454; 0
4455; 8
4456; 0
4457; 8
4458; 4
4459; 4
4460; 0
4461; 0
4462; 4
4463; 0
4464; 0
4465; 0
4466; 0
4467; 0
4468; 0
4469; 4
4470; 0
4471; 0
4472; 0
4473; 0
4474; 8
4475; 0
4476; 0
4477; 0
4478; 32
4479; 0
4480; 0
4481; 0
4482; 16
4483; 0
4484; 0
4485; 0
4486; 4
4487; 0
4488; 4
4489; 4
4490; 0
4491; 0
4492; 4
4493; 0
4494; 4
4495; 0
4496; 4
4497; 4
4498; 32
4499; 0
4500; 0
4501; 4
4502; 8
4503; 4
4504; 0
4505; 16
4506; 0
4507; 0
4508; 4
4509; 0
4510; 0
4511; 0
4512; 0
4513; 0
4514; 0
4515; 0
4516; 4
4517; 16
4518; 0
4519; 4
4520; 0
4521; 4
4522; 0
4523; 0
4524; 8
4525; 4
4526; 4
4527; 16
4528; 4
4529; 4
4530; 0
4531; 0
4532; 0
4533; 4
4534; 0
4535; 0
4536; 0
4537; 0
4538; 0
4539; 32
4540; 0
4541; 8
4542; 4
4543; 8
4544; 8
4545; 0
4546; 0
4547; 0
4548; 0
4549; 0
4550; 0
4551; 0
4552; 0
4553; 4
4554; 0
4555; 8
4556; 0
4557; 4
4558; 0
4559; 0
4560; 4
4561; 0
4562; 0
4563; 0
4564; 0
4565; 0
4566; 0
4567; 4
4568; 0
4569; 0
4570; 4
4571; 0
4572; 16
4573; 4
4574; 0
4575; 16
4576; 4
4577; 4
4578; 0
4579; 0
4580; 4
4581; 64
4582; 0
4583; 256
4584; 0
4585; 0
4586; 0
4587; 0
4588; 0
4589; 0
4590; 32
4591; 0
4592; 0
4593; 0
4594; 0
4595; 8
4596; 4
4597; 4
4598; 8
4599; 0
4600; 4
4601; 0
4602; 8
4603; 8
4604; 32
4605; 0
4606; 0
4607; 0
4608; 0
4609; 4
4610; 0
4611; 8
4612; 0
4613; 0
4614; 0
4615; 0
4616; 0
4617; 4
4618; 4
4619; 8
4620; 64
4621; 0
4622; 0
4623; 4
4624; 4
4625; 0
4626; 0
4627; 0
4628; 0
4629; 0
4630; 0
4631; 0
4632; 4
4633; 8
4634; 0
4635; 8
4636; 0
4637; 0
4638; 0
4639; 0
4640; 4
4641; 16
4642; 0
4643; 0
4644; 8
4645; 8
4646; 0
4647; 0
4648; 0
4649; 0
4650; 0
4651; 0
4652; 4
4653; 4
4654; 0
4655; 4
4656; 16
4657; 0
4658; 0
4659; 0
4660; 4
4661; 4
4662; 16
4663; 0
4664; 4
4665; 0
4666; 8
4667; 0
4668; 0
4669; 0
4670; 0
4671; 0
4672; 16
4673; 0
4674; 0
4675; 4
4676; 4
4677; 4
4678; 0
4679; 0
4680; 0
4681; 0
4682; 0
4683; 0
4684; 4
4685; 8
4686; 4
4687; 8
4688; 0
4689; 0
4690; 4
4691; 4
4692; 0
4693; 0
4694; 4
4695; 0
4696; 0
4697; 0
4698; 8
4699; 0
4700; 0
4701; 4
4702; 16
4703; 4
4704; 0
4705; 0
4706; 0
4707; 0
4708; 0
4709; 4
4710; 16
4711; 0
4712; 0
4713; 4
4714; 16
4715; 32
4716; 0
4717; 0
4718; 0
4719; 0
4720; 0
4721; 0
4722; 8
4723; 0
4724; 0
4725; 0
4726; 8
4727; 4
4728; 4
4729; 0
4730; 0
4731; 16
4732; 4
4733; 0
4734; 4
4735; 4
4736; 0
4737; 0
4738; 8
4739; 8
4740; 0
4741; 0
4742; 0
4743; 64
4744; 0
4745; 0
4746; 0
4747; 0
4748; 0
4749; 0
4750; 8
4751; 0
4752; 8
4753; 0
4754; 8
4755; 0
4756; 0
4757; 0
4758; 0
4759; 0
4760; 0
4761; 0
4762; 0
4763; 0
4764; 16
4765; 4
4766; 0
4767; 4
4768; 0
4769; 4
4770; 0
4771; 4
4772; 0
4773; 4
4774; 8
4775; 0
4776; 0
4777; 0
4778; 0
4779; 0
4780; 8
4781; 0
4782; 0
4783; 0
4784; 0
4785; 4
4786; 8
4787; 0
4788; 0
4789; 4
4790; 0
4791; 4
4792; 0
4793; 4
4794; 0
4795; 4
4796; 4
4797; 16
4798; 0
4799; 0
4800; 0
4801; 0
4802; 0
4803; 0
4804; 4
4805; 0
4806; 8
4807; 4
4808; 0
4809; 4
4810; 0
4811; 0
4812; 0
4813; 0
4814; 0
4815; 4
4816; 16
4817; 0
4818; 0
4819; 0
4820; 0
4821; 4
4822; 0
4823; 0
4824; 0
4825; 0
4826; 0
4827; 0
4828; 8
4829; 0
4830; 0
4831; 0
4832; 0
4833; 0
4834; 0
4835; 4
4836; 0
4837; 0
4838; 0
4839; 0
4840; 4
4841; 0
4842; 0
4843; 4
4844; 4
4845; 4
4846; 0
4847; 4
4848; 0
4849; 0
4850; 0
4851; 0
4852; 16
4853; 8
4854; 0
4855; 0
4856; 4
4857; 0
4858; 4
4859; 4
4860; 0
4861; 0
4862; 16
4863; 4
4864; 0
4865; 4
4866; 0
4867; 0
4868; 0
4869; 0
4870; 0
4871; 0
4872; 8
4873; 8
4874; 0
4875; 0
4876; 4
4877; 0
4878; 0
4879; 4
4880; 4
4881; 0
4882; 0
4883; 16
4884; 0
4885; 0
4886; 0
4887; 0
4888; 0
4889; 0
4890; 4
4891; 4
4892; 4
4893; 4
4894; 4
4895; 16
4896; 0
4897; 0
4898; 0
4899; 4
4900; 4
4901; 0
4902; 0
4903; 64
4904; 4
4905; 0
4906; 0
4907; 0
4908; 0
4909; 0
4910; 0
4911; 8
4912; 0
4913; 4
4914; 0
4915; 8
4916; 0
4917; 0
4918; 0
4919; 0
4920; 0
4921; 0
4922; 8
4923; 0
4924; 0
4925; 4
4926; 0
4927; 0
4928; 16
4929; 0
4930; 4
4931; 4
4932; 0
4933; 0
4934; 0
4935; 0
4936; 0
4937; 0
4938; 0
4939; 0
4940; 0
4941; 4
4942; 4
4943; 0
4944; 0
4945; 0
4946; 0
4947; 0
4948; 8
4949; 0
4950; 0
4951; 0
4952; 0
4953; 0
4954; 128
4955; 0
4956; 4
4957; 4
4958; 0
4959; 0
4960; 0
4961; 0
4962; 0
4963; 0
4964; 0
4965; 0
4966; 4
4967; 4
4968; 0
4969; 4
4970; 0
4971; 4
4972; 0
4973; 0
4974; 0
4975; 4
4976; 0
4977; 0
4978; 0
4979; 0
4980; 0
4981; 16
4982; 4
4983; 4
4984; 4
4985; 0
4986; 4
4987; 0
4988; 0
4989; 0
4990; 4
4991; 4
4992; 4
4993; 0
4994; 0
4995; 0
4996; 0
4997; 0
4998; 4
4999; 8
5000; 0
5001; 0
5002; 0
5003; 0
5004; 4
5005; 0
5006; 0
5007; 4
5008; 0
5009; 0
5010; 0
5011; 0
5012; 0
5013; 0
5014; 4
5015; 0
5016; 4
5017; 0
5018; 0
5019; 0
5020; 0
5021; 8
5022; 0
5023; 0
5024; 0
5025; 0
5026; 4
5027; 0
5028; 128
5029; 4
5030; 0
5031; 4
5032; 4
5033; 0
5034; 0
5035; 0
5036; 0
5037; 8
5038; 0
5039; 0
5040; 0
5041; 4
5042; 4
5043; 0
5044; 0
5045; 16
5046; 4
5047; 8
5048; 16
5049; 0
5050; 4
5051; 0
5052; 4
5053; 0
5054; 4
5055; 8
5056; 0
5057; 0
5058; 16
5059; 0
5060; 0
5061; 0
5062; 0
5063; 16
5064; 0
5065; 4
5066; 0
5067; 8
5068; 8
5069; 0
5070; 0
5071; 0
5072; 4
5073; 16
5074; 16
5075; 4
5076; 0
5077; 0
5078; 8
5079; 32
5080; 4
5081; 8
5082; 0
5083; 16
5084; 4
5085; 8
5086; 0
5087; 0
5088; 0
5089; 0
5090; 0
5091; 4
5092; 4
5093; 0
5094; 0
5095; 4
5096; 0
5097; 0
5098; 0
5099; 0
5100; 0
5101; 0
5102; 4
5103; 8
5104; 16
5105; 4
5106; 0
5107; 4
5108; 0
5109; 8
5110; 0
5111; 0
5112; 0
5113; 0
5114; 0
5115; 0
5116; 0
5117; 0
5118; 0
5119; 8
5120; 0
5121; 0
5122; 0
5123; 0
5124; 0
5125; 0
5126; 0
5127; 0
5128; 4
5129; 4
5130; 0
5131; 4
5132; 0
5133; 4
5134; 4
5135; 0
5136; 0
5137; 4
5138; 0
5139; 0
5140; 16
5141; 0
5142; 0
5143; 4
5144; 0
5145; 4
5146; 0
5147; 4
5148; 0
5149; 16
5150; 0
5151; 4
5152; 4
5153; 0
5154; 0
5155; 4
5156; 0
5157; 0
5158; 0
5159; 0
5160; 0
5161; 0
5162; 4
5163; 0
5164; 0
5165; 0
5166; 4
5167; 0
5168; 4
5169; 4
5170; 0
5171; 4
5172; 0
5173; 0
5174; 0
5175; 16
5176; 0
5177; 0
5178; 0
5179; 0
5180; 0
5181; 0
5182; 0
5183; 4
5184; 0
5185; 0
5186; 0
5187; 32
5188; 0
5189; 0
5190; 0
5191; 4
5192; 0
5193; 4
5194; 4
5195; 0
5196; 4
5197; 0
5198; 4
5199; 4
5200; 0
5201; 0
5202; 0
5203; 0
5204; 0
5205; 16
5206; 0
5207; 8
5208; 0
5209; 0
5210; 4
5211; 0
5212; 0
5213; 0
5214; 0
5215; 0
5216; 4
5217; 4
5218; 4
5219; 8
5220; 0
5221; 8
5222; 16
5223; 8
5224; 0
5225; 8
5226; 8
5227; 0
5228; 0
5229; 8
5230; 0
5231; 0
5232; 8
5233; 4
5234; 4
5235; 0
5236; 0
5237; 8
5238; 4
5239; 4
5240; 4
5241; 4
5242; 0
5243; 0
5244; 4
5245; 0
5246; 4
5247; 0
5248; 0
5249; 0
5250; 0
5251; 0
5252; 4
5253; 4
5254; 8
5255; 0
5256; 0
5257; 8
5258; 4
5259; 8
5260; 0
5261; 0
5262; 0
5263; 0
5264; 0
5265; 0
5266; 0
5267; 8
5268; 64
5269; 0
5270; 8
5271; 4
5272; 0
5273; 4
5274; 0
5275; 0
5276; 0
5277; 0
5278; 0
5279; 16
5280; 8
5281; 0
5282; 0
5283; 0
5284; 128
5285; 0
5286; 8
5287; 0
5288; 0
5289; 0
5290; 4
5291; 4
5292; 0
5293; 0
5294; 0
5295; 0
5296; 0
5297; 0
5298; 16
5299; 32
5300; 0
5301; 4
5302; 8
5303; 4
5304; 0
5305; 0
5306; 0
5307; 8
5308; 0
5309; 0
5310; 0
5311; 8
5312; 0
5313; 0
5314; 4
5315; 0
5316; 0
5317; 8
5318; 4
5319; 0
5320; 0
5321; 4
5322; 0
5323; 4
5324; 4
5325; 4
5326; 4
5327; 8
5328; 0
5329; 0
5330; 8
5331; 0
5332; 0
5333; 0
5334; 0
5335; 0
5336; 0
5337; 8
5338; 32
5339; 0
5340; 8
5341; 0
5342; 4
5343; 0
5344; 8
5345; 4
5346; 0
5347; 0
5348; 8
5349; 4
5350; 0
5351; 0
5352; 4
5353; 0
5354; 4
5355; 4
5356; 0
5357; 4
5358; 8
5359; 0
5360; 0
5361; 0
5362; 0
5363; 4
5364; 0
5365; 0
5366; 4
5367; 0
5368; 128
5369; 0
5370; 0
5371; 4
5372; 8
5373; 4
5374; 4
5375; 0
5376; 8
5377; 8
5378; 0
5379; 0
5380; 0
5381; 4
5382; 4
5383; 4
5384; 0
5385; 0
5386; 0
5387; 0
5388; 8
5389; 0
5390; 0
5391; 8
5392; 0
5393; 4
5394; 0
5395; 0
5396; 0
5397; 0
5398; 0
5399; 0
5400; 0
5401; 0
5402; 0
5403; 8
5404; 4
5405; 4
5406; 0
5407; 0
5408; 0
5409; 0
5410; 4
5411; 0
5412; 16
5413; 0
5414; 4
5415; 4
5416; 0
5417; 0
5418; 0
5419; 4
5420; 8
5421; 8
5422; 0
5423; 0
5424; 4
5425; 0
5426; 0
5427; 4
5428; 4
5429; 8
5430; 4
5431; 128
5432; 0
5433; 0
5434; 4
5435; 0
5436; 32
5437; 0
5438; 0
5439; 0
5440; 0
5441; 0
5442; 0
5443; 8
5444; 0
5445; 4
5446; 0
5447; 0
5448; 0
5449; 16
5450; 8
5451; 4
5452; 0
5453; 4
5454; 4
5455; 0
5456; 0
5457; 4
5458; 0
5459; 16
5460; 0
5461; 0
5462; 0
5463; 4
5464; 4
5465; 0
5466; 8
5467; 0
5468; 0
5469; 0
5470; 0
5471; 8
5472; 0
5473; 4
5474; 0
5475; 4
5476; 0
5477; 4
5478; 0
5479; 0
5480; 0
5481; 4
5482; 8
5483; 0
5484; 4
5485; 4
5486; 0
5487; 0
5488; 0
5489; 4
5490; 0
5491; 0
5492; 8
5493; 4
5494; 4
5495; 32
5496; 0
5497; 4
5498; 0
5499; 8
5500; 0
5501; 0
5502; 4
5503; 4
5504; 4
5505; 0
5506; 8
5507; 16
5508; 4
5509; 0
5510; 4
5511; 0
5512; 0
5513; 0
5514; 0
5515; 8
5516; 4
5517; 0
5518; 0
5519; 8
5520; 0
5521; 8
5522; 0
5523; 0
5524; 4
5525; 4
5526; 4
5527; 0
5528; 8
5529; 0
5530; 8
5531; 0
5532; 0
5533; 0
5534; 0
5535; 0
5536; 16
5537; 0
5538; 0
5539; 4
5540; 0
5541; 8
5542; 4
5543; 128
5544; 4
5545; 4
5546; 0
5547; 4
5548; 0
5549; 0
5550; 0
5551; 0
5552; 0
5553; 0
5554; 0
5555; 4
5556; 0
5557; 0
5558; 8
5559; 32
5560; 4
5561; 0
5562; 4
5563; 0
5564; 16
5565; 0
5566; 0
5567; 0
5568; 4
5569; 0
5570; 0
5571; 4
5572; 4
5573; 0
5574; 8
5575; 8
5576; 4
5577; 0
5578; 0
5579; 0
5580; 4
5581; 0
5582; 4
5583; 0
5584; 4
5585; 0
5586; 0
5587; 0
5588; 4
5589; 0
5590; 4
5591; 0
5592; 0
5593; 0
5594; 8
5595; 4
5596; 0
5597; 0
5598; 0
5599; 4
5600; 4
5601; 0
5602; 0
5603; 8
5604; 0
5605; 0
5606; 8
5607; 4
5608; 4
5609; 4
5610; 4
5611; 0
5612; 0
5613; 0
5614; 4
5615; 16
5616; 0
5617; 4
5618; 32
5619; 0
5620; 4
5621; 0
5622; 4
5623; 0
5624; 0
5625; 0
5626; 0
5627; 8
5628; 8
5629; 0
5630; 0
5631; 0
5632; 4
5633; 4
5634; 0
5635; 0
5636; 0
5637; 0
5638; 512
5639; 0
5640; 0
5641; 0
5642; 0
5643; 0
5644; 4
5645; 0
5646; 0
5647; 4
5648; 4
5649; 0
5650; 0
5651; 0
5652; 0
5653; 0
5654; 4
5655; 4
5656; 0
5657; 0
5658; 0
5659; 0
5660; 0
5661; 4
5662; 4
5663; 8
5664; 0
5665; 0
5666; 0
5667; 4
5668; 0
5669; 0
5670; 0
5671; 0
5672; 0
5673; 0
5674; 4
5675; 4
5676; 4
5677; 4
5678; 4
5679; 4
5680; 4
5681; 16
5682; 4
5683; 32
5684; 0
5685; 0
5686; 8
5687; 0
5688; 0
5689; 0
5690; 0
5691; 0
5692; 0
5693; 0
5694; 0
5695; 0
5696; 4
5697; 0
5698; 0
5699; 0
5700; 0
5701; 0
5702; 8
5703; 0
5704; 0
5705; 0
5706; 0
5707; 4
5708; 16
5709; 0
5710; 0
5711; 0
5712; 4
5713; 0
5714; 8
5715; 8
5716; 0
5717; 0
5718; 0
5719; 0
5720; 0
5721; 0
5722; 8
5723; 4
5724; 128
5725; 4
5726; 0
5727; 0
5728; 0
5729; 0
5730; 0
5731; 0
5732; 0
5733; 0
5734; 0
5735; 0
5736; 8
5737; 8
5738; 4
5739; 0
5740; 0
5741; 0
5742; 0
5743; 0
5744; 0
5745; 0
5746; 0
5747; 4
5748; 0
5749; 0
5750; 0
5751; 0
5752; 8
5753; 0
5754; 4
5755; 0
5756; 4
5757; 4
5758; 4
5759; 32
5760; 0
5761; 0
5762; 4
5763; 0
5764; 8
5765; 0
5766; 0
5767; 0
5768; 4
5769; 0
5770; 0
5771; 8
5772; 4
5773; 4
5774; 0
5775; 4
5776; 4
5777; 4
5778; 0
5779; 0
5780; 0
5781; 0
5782; 0
5783; 0
5784; 0
5785; 8
5786; 0
5787; 0
5788; 0
5789; 0
5790; 4
5791; 4
5792; 0
5793; 0
5794; 0
5795; 4
5796; 4
5797; 4
5798; 4
5799; 0
5800; 4
5801; 4
5802; 0
5803; 0
5804; 8
5805; 16
5806; 0
5807; 4
5808; 0
5809; 4
5810; 4
5811; 4
5812; 0
5813; 8
5814; 0
5815; 0
5816; 0
5817; 4
5818; 8
5819; 4
5820; 4
5821; 4
5822; 4
5823; 0
5824; 4
5825; 0
5826; 0
5827; 0
5828; 0
5829; 0
5830; 4
5831; 4
5832; 16
5833; 0
5834; 0
5835; 0
5836; 0
5837; 0
5838; 0
5839; 8
5840; 0
5841; 16
5842; 0
5843; 0
5844; 4
5845; 4
5846; 8
5847; 0
5848; 0
5849; 0
5850; 8
5851; 0
5852; 0
5853; 4
5854; 0
5855; 0
5856; 0
5857; 0
5858; 0
5859; 4
5860; 4
5861; 4
5862; 0
5863; 0
5864; 4
5865; 4
5866; 0
5867; 0
5868; 4
5869; 0
5870; 16
5871; 0
5872; 4
5873; 0
5874; 0
5875; 0
5876; 0
5877; 0
5878; 0
5879; 0
5880; 0
5881; 0
5882; 0
5883; 4
5884; 4
5885; 0
5886; 0
5887; 16
5888; 4
5889; 0
5890; 8
5891; 0
5892; 4
5893; 4
5894; 0
5895; 0
5896; 4
5897; 0
5898; 16
5899; 0
5900; 0
5901; 0
5902; 0
5903; 4
5904; 0
5905; 0
5906; 0
5907; 4
5908; 16
5909; 0
5910; 0
5911; 0
5912; 0
5913; 0
5914; 8
5915; 0
5916; 8
5917; 0
5918; 4
5919; 0
5920; 0
5921; 0
5922; 4
5923; 0
5924; 0
5925; 0
5926; 16
5927; 0
5928; 4
5929; 0
5930; 0
5931; 0
5932; 4
5933; 0
5934; 4
5935; 4
5936; 4
5937; 4
5938; 0
5939; 4
5940; 0
5941; 0
5942; 8
5943; 0
5944; 0
5945; 16
5946; 4
5947; 4
5948; 0
5949; 0
5950; 8
5951; 4
5952; 64
5953; 0
5954; 0
5955; 0
5956; 0
5957; 0
5958; 0
5959; 0
5960; 0
5961; 0
5962; 0
5963; 4
5964; 4
5965; 0
5966; 0
5967; 16
5968; 0
5969; 16
5970; 4
5971; 4
5972; 16
5973; 4
5974; 8
5975; 4
5976; 8
5977; 0
5978; 0
5979; 4
5980; 4
5981; 32
5982; 4
5983; 0
5984; 0
5985; 8
5986; 8
5987; 4
5988; 0
5989; 0
5990; 32
5991; 0
5992; 4
5993; 0
5994; 4
5995; 0
5996; 0
5997; 4
5998; 0
5999; 0
6000; 0
6001; 4
6002; 0
6003; 0
6004; 0
6005; 8
6006; 0
6007; 0
6008; 0
6009; 8
6010; 0
6011; 4
6012; 0
6013; 4
6014; 0
6015; 0
6016; 0
6017; 0
6018; 8
6019; 4
6020; 0
6021; 4
6022; 0
6023; 8
6024; 0
6025; 0
6026; 0
6027; 0
6028; 0
6029; 4
6030; 0
6031; 0
6032; 0
6033; 0
6034; 0
6035; 0
6036; 0
6037; 4
6038; 4
6039; 16
6040; 4
6041; 256
6042; 0
6043; 8
6044; 0
6045; 4
6046; 0
6047; 4
6048; 0
6049; 0
6050; 0
6051; 4
6052; 0
6053; 8
6054; 0
6055; 0
6056; 4
6057; 8
6058; 0
6059; 8
6060; 0
6061; 4
6062; 4
6063; 4
6064; 4
6065; 4
6066; 0
6067; 4
6068; 16
6069; 4
6070; 0
6071; 0
6072; 8
6073; 0
6074; 0
6075; 4
6076; 0
6077; 0
6078; 4
6079; 16
6080; 4
6081; 8
6082; 4
6083; 4
6084; 4
6085; 0
6086; 0
6087; 4
6088; 0
6089; 4
6090; 0
6091; 0
6092; 0
6093; 0
6094; 0
6095; 0
6096; 0
6097; 0
6098; 0
6099; 4
6100; 0
6101; 4
6102; 0
6103; 0
6104; 0
6105; 0
6106; 0
6107; 0
6108; 16
6109; 0
6110; 0
6111; 8
6112; 0
6113; 4
6114; 0
6115; 4
6116; 4
6117; 0
6118; 4
6119; 4
6120; 0
6121; 0
6122; 0
6123; 8
6124; 8
6125; 4
6126; 0
6127; 0
6128; 0
6129; 4
6130; 0
6131; 0
6132; 4
6133; 0
6134; 4
6135; 0
6136; 0
6137; 4
6138; 0
6139; 4
6140; 0
6141; 0
6142; 0
6143; 0
6144; 4
6145; 4
6146; 128
6147; 4
6148; 0
6149; 8
6150; 4
6151; 0
6152; 0
6153; 8
6154; 0
6155; 4
6156; 4
6157; 8
6158; 0
6159; 4
6160; 0
6161; 4
6162; 4
6163; 0
6164; 4
6165; 4
6166; 0
6167; 0
6168; 0
6169; 0
6170; 0
6171; 0
6172; 0
6173; 4
6174; 0
6175; 0
6176; 0
6177; 8
6178; 8
6179; 0
6180; 0
6181; 0
6182; 0
6183; 0
6184; 0
6185; 0
6186; 4
6187; 8
6188; 0
6189; 0
6190; 0
6191; 4
6192; 0
6193; 4
6194; 0
6195; 4
6196; 4
6197; 0
6198; 0
6199; 0
6200; 0
6201; 0
6202; 0
6203; 0
6204; 8
6205; 0
6206; 0
6207; 0
6208; 0
6209; 0
6210; 4
6211; 0
6212; 0
6213; 16
6214; 0
6215; 0
6216; 4
6217; 0
6218; 0
6219; 0
6220; 16
6221; 4
6222; 0
6223; 0
6224; 0
6225; 0
6226; 4
6227; 4
6228; 0
6229; 0
6230; 0
6231; 4
6232; 0
6233; 0
6234; 0
6235; 0
6236; 4
6237; 0
6238; 8
6239; 0
6240; 0
6241; 4
6242; 0
6243; 0
6244; 0
6245; 8
6246; 4
6247; 0
6248; 4
6249; 4
6250; 0
6251; 0
6252; 4
6253; 0
6254; 0
6255; 0
6256; 16
6257; 0
6258; 16
6259; 0
6260; 0
6261; 0
6262; 0
6263; 4
6264; 0
6265; 4
6266; 8
6267; 0
6268; 0
6269; 4
6270; 0
6271; 0
6272; 0
6273; 0
6274; 0
6275; 4
6276; 0
6277; 0
6278; 4
6279; 0
6280; 0
6281; 0
6282; 4
6283; 0
6284; 8
6285; 8
6286; 0
6287; 0
6288; 0
6289; 4
6290; 0
6291; 0
6292; 4
6293; 4
6294; 4
6295; 4
6296; 4
6297; 0
6298; 4
6299; 4
6300; 8
6301; 0
6302; 0
6303; 4
6304; 4
6305; 0
6306; 16
6307; 8
6308; 0
6309; 0
6310; 0
6311; 0
6312; 0
6313; 4
6314; 0
6315; 0
6316; 0
6317; 0
6318; 4
6319; 32
6320; 4
6321; 0
6322; 0
6323; 0
6324; 0
6325; 0
6326; 4
6327; 8
6328; 0
6329; 64
6330; 4
6331; 8
6332; 4
6333; 0
6334; 0
6335; 4
6336; 4
6337; 0
6338; 4
6339; 0
6340; 4
6341; 0
6342; 4
6343; 0
6344; 16
6345; 0
6346; 4
6347; 0
6348; 0
6349; 4
6350; 4
6351; 8
6352; 0
6353; 0
6354; 0
6355; 0
6356; 0
6357; 4
6358; 0
6359; 16
6360; 0
6361; 0
6362; 0
6363; 0
6364; 8
6365; 0
6366; 16
6367; 0
6368; 4
6369; 4
6370; 0
6371; 0
6372; 0
6373; 4
6374; 0
6375; 0
6376; 0
6377; 0
6378; 4
6379; 0
6380; 8
6381; 4
6382; 0
6383; 4
6384; 0
6385; 0
6386; 0
6387; 0
6388; 0
6389; 0
6390; 0
6391; 0
6392; 8
6393; 0
6394; 0
6395; 0
6396; 0
6397; 4
6398; 0
6399; 4
6400; 0
6401; 4
6402; 8
6403; 4
6404; 0
6405; 0
6406; 4
6407; 4
6408; 0
6409; 0
6410; 16
6411; 8
6412; 4
6413; 8
6414; 0
6415; 4
6416; 0
6417; 0
6418; 0
6419; 0
6420; 0
6421; 0
6422; 0
6423; 0
6424; 32
6425; 0
6426; 8
6427; 0
6428; 32
6429; 0
6430; 0
6431; 0
6432; 4
6433; 4
6434; 0
6435; 0
6436; 4
6437; 0
6438; 0
6439; 0
6440; 0
6441; 0
6442; 0
6443; 0
6444; 0
6445; 0
6446; 0
6447; 0
6448; 8
6449; 4
6450; 4
6451; 4
6452; 4
6453; 0
6454; 0
6455; 8
6456; 0
6457; 4
6458; 0
6459; 0
6460; 0
6461; 0
6462; 0
6463; 4
6464; 0
6465; 8
6466; 0
6467; 0
6468; 8
6469; 0
6470; 4
6471; 0
6472; 0
6473; 0
6474; 4
6475; 4
6476; 0
6477; 0
6478; 4
6479; 0
6480; 8
6481; 0
6482; 0
6483; 4
6484; 0
6485; 0
6486; 8
6487; 4
6488; 0
6489; 0
6490; 4
6491; 4
6492; 8
6493; 0
6494; 64
6495; 0
6496; 4
6497; 0
6498; 4
6499; 0
6500; 0
6501; 8
6502; 0
6503; 0
6504; 4
6505; 64
6506; 0
6507; 4
6508; 0
6509; 8
6510; 0
6511; 0
6512; 0
6513; 0
6514; 4
6515; 8
6516; 0
6517; 0
6518; 4
6519; 0
6520; 4
6521; 4
6522; 0
6523; 0
6524; 4
6525; 4
6526; 0
6527; 8
6528; 32
6529; 0
6530; 4
6531; 4
6532; 0
6533; 8
6534; 0
6535; 4
6536; 0
6537; 0
6538; 0
6539; 0
6540; 4
6541; 4
6542; 4
6543; 4
6544; 0
6545; 4
6546; 0
6547; 4
6548; 0
6549; 0
6550; 4
6551; 4
6552; 4
6553; 32
6554; 4
6555; 4
6556; 0
6557; 0
6558; 4
6559; 0
6560; 0
6561; 0
6562; 0
6563; 4
6564; 4
6565; 4
6566; 0
6567; 0
6568; 0
6569; 128
6570; 16
6571; 4
6572; 4
6573; 4
6574; 0
6575; 0
6576; 4
6577; 0
6578; 4
6579; 0
6580; 0
6581; 4
6582; 0
6583; 0
6584; 0
6585; 0
6586; 0
6587; 0
6588; 0
6589; 0
6590; 8
6591; 0
6592; 0
6593; 4
6594; 0
6595; 4
6596; 16
6597; 0
6598; 0
6599; 0
6600; 0
6601; 0
6602; 0
6603; 0
6604; 0
6605; 0
6606; 4
6607; 4
6608; 16
6609; 0
6610; 4
6611; 4
6612; 16
6613; 32
6614; 0
6615; 0
6616; 0
6617; 0
6618; 4
6619; 0
6620; 0
6621; 0
6622; 0
6623; 128
6624; 4
6625; 0
6626; 0
6627; 64
6628; 0
6629; 0
6630; 8
6631; 16
6632; 0
6633; 4
6634; 4
6635; 0
6636; 8
6637; 0
6638; 0
6639; 0
6640; 4
6641; 0
6642; 0
6643; 0
6644; 0
6645; 0
6646; 0
6647; 4
6648; 8
6649; 0
6650; 4
6651; 0
6652; 0
6653; 0
6654; 0
6655; 16
6656; 0
6657; 4
6658; 8
6659; 16
6660; 4
6661; 0
6662; 8
6663; 4
6664; 4
6665; 16
6666; 0
6667; 8
6668; 0
6669; 0
6670; 16
6671; 4
6672; 16
6673; 0
6674; 8
6675; 0
6676; 4
6677; 0
6678; 0
6679; 0
6680; 0
6681; 0
6682; 4
6683; 0
6684; 4
6685; 16
6686; 8
6687; 8
6688; 0
6689; 0
6690; 0
6691; 0
6692; 0
6693; 0
6694; 4
6695; 4
6696; 8
6697; 4
6698; 0
6699; 0
6700; 4
6701; 0
6702; 0
6703; 0
6704; 8
6705; 0
6706; 0
6707; 0
6708; 4
6709; 4
6710; 0
6711; 0
6712; 16
6713; 8
6714; 0
6715; 4
6716; 16
6717; 0
6718; 0
6719; 0
6720; 0
6721; 4
6722; 0
6723; 0
6724; 0
6725; 4
6726; 0
6727; 0
6728; 0
6729; 8
6730; 4
6731; 8
6732; 16
6733; 4
6734; 0
6735; 0
6736; 8
6737; 0
6738; 0
6739; 4
6740; 0
6741; 0
6742; 0
6743; 4
6744; 4
6745; 64
6746; 0
6747; 0
6748; 0
6749; 0
6750; 4
6751; 32
6752; 0
6753; 0
6754; 0
6755; 0
6756; 4
6757; 0
6758; 0
6759; 0
6760; 16
6761; 0
6762; 0
6763; 0
6764; 4
6765; 4
6766; 0
6767; 0
6768; 4
6769; 0
6770; 0
6771; 0
6772; 4
6773; 4
6774; 0
6775; 0
6776; 0
6777; 4
6778; 0
6779; 0
6780; 4
6781; 0
6782; 0
6783; 16
6784; 0
6785; 0
6786; 0
6787; 0
6788; 0
6789; 0
6790; 0
6791; 0
6792; 8
6793; 4
6794; 0
6795; 0
6796; 4
6797; 4
6798; 0
6799; 0
6800; 4
6801; 4
6802; 4
6803; 0
6804; 4
6805; 4
6806; 0
6807; 8
6808; 0
6809; 8
6810; 0
6811; 0
6812; 8
6813; 0
6814; 0
6815; 128
6816; 8
6817; 0
6818; 8
6819; 4
6820; 0
6821; 16
6822; 16
6823; 0
6824; 0
6825; 0
6826; 0
6827; 8
6828; 8
6829; 0
6830; 0
6831; 0
6832; 0
6833; 4
6834; 0
6835; 4
6836; 0
6837; 0
6838; 0
6839; 0
6840; 8
6841; 0
6842; 0
6843; 0
6844; 0
6845; 64
6846; 0
6847; 0
6848; 0
6849; 4
6850; 0
6851; 0
6852; 0
6853; 8
6854; 4
6855; 0
6856; 0
6857; 0
6858; 0
6859; 0
6860; 4
6861; 0
6862; 4
6863; 0
6864; 0
6865; 0
6866; 0
6867; 0
6868; 0
6869; 0
6870; 4
6871; 0
6872; 0
6873; 0
6874; 0
6875; 8
6876; 0
6877; 0
6878; 0
6879; 0
6880; 0
6881; 0
6882; 4
6883; 0
6884; 8
6885; 0
6886; 4
6887; 0
6888; 0
6889; 4
6890; 0
6891; 0
6892; 0
6893; 0
6894; 4
6895; 0
6896; 0
6897; 4
6898; 0
6899; 0
6900; 0
6901; 4
6902; 0
6903; 0
6904; 0
6905; 0
6906; 0
6907; 0
6908; 0
6909; 0
6910; 8
6911; 16
6912; 0
6913; 0
6914; 0
6915; 4
6916; 4
6917; 0
6918; 4
6919; 0
6920; 8
6921; 4
6922; 4
6923; 0
6924; 4
6925; 0
6926; 0
6927; 4
6928; 4
6929; 32
6930; 0
6931; 0
6932; 4
6933; 0
6934; 0
6935; 0
6936; 4
6937; 4
6938; 4
6939; 0
6940; 0
6941; 0
6942; 0
6943; 16
6944; 4
6945; 4
6946; 0
6947; 0
6948; 0
6949; 0
6950; 16
6951; 0
6952; 0
6953; 0
6954; 4
6955; 4
6956; 8
6957; 0
6958; 0
6959; 4
6960; 4
6961; 64
6962; 4
6963; 4
6964; 0
6965; 0
6966; 64
6967; 0
6968; 0
6969; 4
6970; 0
6971; 0
6972; 4
6973; 0
6974; 0
6975; 4
6976; 0
6977; 0
6978; 0
6979; 0
6980; 4
6981; 4
6982; 4
6983; 0
6984; 4
6985; 4
6986; 0
6987; 8
6988; 0
6989; 0
6990; 4
6991; 0
6992; 0
6993; 4
6994; 4
6995; 0
6996; 8
6997; 4
6998; 0
6999; 4
7000; 0
7001; 4
7002; 0
7003; 0
7004; 16
7005; 0
7006; 0
7007; 8
7008; 0
7009; 0
7010; 0
7011; 0
7012; 0
7013; 4
7014; 0
7015; 8
7016; 4
7017; 0
7018; 4
7019; 8
7020; 0
7021; 0
7022; 0
7023; 16
7024; 0
7025; 0
7026; 0
7027; 0
7028; 0
7029; 0
7030; 0
7031; 0
7032; 4
7033; 0
7034; 0
7035; 0
7036; 0
7037; 4
7038; 16
7039; 0
7040; 0
7041; 0
7042; 0
7043; 0
7044; 8
7045; 0
7046; 4
7047; 0
7048; 4
7049; 4
7050; 0
7051; 4
7052; 4
7053; 0
7054; 4
7055; 0
7056; 4
7057; 4
7058; 4
7059; 4
7060; 0
7061; 0
7062; 0
7063; 0
7064; 4
7065; 0
7066; 0
7067; 0
7068; 8
7069; 0
7070; 4
7071; 4
7072; 4
7073; 8
7074; 0
7075; 0
7076; 0
7077; 16
7078; 0
7079; 0
7080; 0
7081; 8
7082; 0
7083; 8
7084; 16
7085; 0
7086; 4
7087; 0
7088; 4
7089; 0
7090; 0
7091; 8
7092; 0
7093; 0
7094; 16
7095; 4
7096; 4
7097; 4
7098; 0
7099; 0
7100; 4
7101; 0
7102; 0
7103; 0
7104; 0
7105; 0
7106; 4
7107; 8
7108; 0
7109; 8
7110; 0
7111; 0
7112; 0
7113; 4
7114; 0
7115; 0
7116; 0
7117; 4
7118; 0
7119; 0
7120; 0
7121; 0
7122; 0
7123; 4
7124; 0
7125; 0
7126; 16
7127; 4
7128; 4
7129; 0
7130; 0
7131; 0
7132; 0
7133; 0
7134; 4
7135; 0
7136; 0
7137; 0
7138; 0
7139; 0
7140; 0
7141; 4
7142; 0
7143; 16
7144; 0
7145; 0
7146; 4
7147; 8
7148; 0
7149; 4
7150; 0
7151; 0
7152; 4
7153; 4
7154; 0
7155; 16
7156; 0
7157; 0
7158; 4
7159; 0
7160; 0
7161; 0
7162; 0
7163; 4
7164; 4
7165; 0
7166; 0
7167; 0
7168; 4
7169; 0
7170; 8
7171; 4
7172; 0
7173; 0
7174; 8
7175; 4
7176; 0
7177; 16
7178; 0
7179; 0
7180; 4
7181; 0
7182; 0
7183; 4
7184; 0
7185; 0
7186; 0
7187; 0
7188; 0
7189; 0
7190; 0
